<?xml version="1.0" encoding="UTF-8"?>
<project-private xmlns="http://www.netbeans.org/ns/project-private/1">
    <editor-bookmarks xmlns="http://www.netbeans.org/ns/editor-bookmarks/2" lastBookmarkId="0"/>
    <open-files xmlns="http://www.netbeans.org/ns/projectui-open-files/2">
        <group>
            <file>file:/C:/Users/karthi/Documents/NetBeansProjects/JavaMovieTicketBooking/src/javamovieticketbooking/RegisterFrame.java</file>
            <file>file:/C:/Users/karthi/Documents/NetBeansProjects/JavaMovieTicketBooking/src/javamovieticketbooking/JavaMovieTicketBooking.java</file>
            <file>file:/C:/Users/karthi/Documents/NetBeansProjects/JavaMovieTicketBooking/src/javamovieticketbooking/BillFrame.java</file>
            <file>file:/C:/Users/karthi/Documents/NetBeansProjects/JavaMovieTicketBooking/src/javamovieticketbooking/LoginFrame.java</file>
            <file>file:/C:/Users/karthi/Documents/NetBeansProjects/JavaMovieTicketBooking/src/javamovieticketbooking/InputFrame.java</file>
            <file>file:/C:/Users/karthi/Documents/NetBeansProjects/JavaMovieTicketBooking/src/javamovieticketbooking/SeatingArrangement.java</file>
            <file>file:/C:/Users/karthi/Documents/NetBeansProjects/JavaMovieTicketBooking/src/javamovieticketbooking/PaymentFrame.java</file>
        </group>
    </open-files>
</project-private>
